City_ID,City,Country,Date,Lat,Lng,Max Temp,Humidity,Cloudiness,Wind Speed
0,Albany,US,2021-07-24 16:21:40,42.6001,-73.9662,80.62,52,2,1.99
1,Port Elizabeth,ZA,2021-07-24 16:21:40,-33.918,25.5701,59.29,72,0,11.5
2,Punta Arenas,CL,2021-07-24 16:19:31,-53.15,-70.9167,41.02,81,75,17.27
3,Seinajoki,FI,2021-07-24 16:17:29,62.7945,22.8282,71.98,39,0,1.01
4,Busselton,AU,2021-07-24 16:21:41,-33.65,115.3333,56.08,74,99,15.43
5,Mataura,NZ,2021-07-24 16:21:41,-46.1927,168.8643,38.48,92,93,4.03
6,Mount Gambier,AU,2021-07-24 16:21:41,-37.8333,140.7667,40.91,93,75,17.27
7,Lebu,CL,2021-07-24 16:21:42,-37.6167,-73.65,51.82,74,21,9.22
8,Shajapur,IN,2021-07-24 16:21:42,23.4333,76.2667,76.05,95,100,10.51
9,Ushuaia,AR,2021-07-24 16:20:40,-54.8,-68.3,38.82,87,40,1.14
10,Shache,CN,2021-07-24 16:21:43,38.4167,77.2406,87.46,23,0,6.38
11,Jiaonan,CN,2021-07-24 16:21:43,35.8786,119.9753,80.62,87,100,5.12
12,Saiha,IN,2021-07-24 16:21:44,22.4833,92.9667,71.38,99,80,2.24
13,Port Alfred,ZA,2021-07-24 16:21:44,-33.5906,26.891,58.57,70,0,21.36
14,Talnakh,RU,2021-07-24 16:21:44,69.4865,88.3972,56.43,66,73,9.17
15,Yellowknife,CA,2021-07-24 16:21:45,62.456,-114.3525,50.56,62,75,4.0
16,Atuona,PF,2021-07-24 16:21:45,-9.8,-139.0333,77.88,68,99,15.79
17,Hervey Bay,AU,2021-07-24 16:21:45,-25.2986,152.8535,56.03,58,0,11.68
18,Bilma,NE,2021-07-24 16:21:46,18.6853,12.9164,103.77,22,38,12.33
19,Pevek,RU,2021-07-24 16:21:46,69.7008,170.3133,37.13,93,92,4.52
20,Kibala,TD,2021-07-24 16:21:47,9.1104,18.3463,85.95,66,20,6.91
21,Kapaa,US,2021-07-24 16:21:47,22.0752,-159.319,79.12,82,90,1.99
22,Rong Kwang,TH,2021-07-24 16:21:47,18.339,100.3174,74.93,97,100,2.95
23,Rikitea,PF,2021-07-24 16:21:48,-23.1203,-134.9692,68.7,55,0,2.98
24,Pochutla,MX,2021-07-24 16:21:48,15.7432,-96.4661,87.62,51,100,2.62
25,Hambantota,LK,2021-07-24 16:21:48,6.1241,81.1185,80.37,80,86,15.12
26,Butaritari,KI,2021-07-24 16:21:49,3.0707,172.7902,83.37,72,0,15.3
27,Tecoanapa,MX,2021-07-24 16:21:49,16.5167,-98.75,84.29,67,38,4.43
28,Khatanga,RU,2021-07-24 16:21:49,71.9667,102.5,60.67,88,93,9.04
29,Bhinmal,IN,2021-07-24 16:21:50,25.0,72.25,89.11,60,100,17.72
30,Bella Union,UY,2021-07-24 16:21:50,-30.2752,-57.6007,77.79,49,58,12.62
31,Brigantine,US,2021-07-24 16:21:50,39.4101,-74.3646,87.28,61,1,6.91
32,Alice Springs,AU,2021-07-24 16:21:51,-23.7,133.8833,42.35,49,67,5.75
33,Bluff,NZ,2021-07-24 16:21:51,-46.6,168.3333,38.8,78,88,11.92
34,Bull Savanna,JM,2021-07-24 16:21:51,17.8868,-77.5902,85.06,55,76,7.54
35,Cuamba,MZ,2021-07-24 16:21:52,-14.8031,36.5372,61.83,70,65,10.27
36,Coquimbo,CL,2021-07-24 16:21:52,-29.9533,-71.3436,55.13,87,75,8.05
37,Tiksi,RU,2021-07-24 16:21:52,71.6872,128.8694,40.01,91,100,6.55
38,Husavik,IS,2021-07-24 16:21:53,66.0449,-17.3389,58.91,72,97,17.16
39,San Pedro,PH,2021-07-24 16:21:53,14.35,121.0167,80.15,94,100,17.74
40,Ahipara,NZ,2021-07-24 16:21:53,-35.1667,173.1667,52.5,86,38,9.37
41,Cayenne,GF,2021-07-24 16:21:54,4.9333,-52.3333,84.09,83,75,5.01
42,Qaanaaq,GL,2021-07-24 16:21:54,77.484,-69.3632,40.39,67,75,2.55
43,Abu Samrah,SY,2021-07-24 16:21:54,35.3029,37.1841,90.12,34,2,16.98
44,Narsaq,GL,2021-07-24 16:21:55,60.9167,-46.05,46.62,94,100,5.91
45,Zaraza,VE,2021-07-24 16:21:55,9.3503,-65.3245,81.7,84,99,4.61
46,Kodiak,US,2021-07-24 16:21:55,57.79,-152.4072,54.91,88,90,4.61
47,Puerto Ayora,EC,2021-07-24 16:21:56,-0.7393,-90.3518,78.76,86,34,7.0
48,Tessalit,ML,2021-07-24 16:21:56,20.1986,1.0114,103.03,21,15,20.22
49,Kavaratti,IN,2021-07-24 16:18:02,10.5669,72.642,81.97,83,15,19.26
50,East London,ZA,2021-07-24 16:21:47,-33.0153,27.9116,58.14,72,0,11.5
51,Kupang,ID,2021-07-24 16:21:57,-10.1667,123.5833,71.64,78,29,6.67
52,Nikolskoye,RU,2021-07-24 16:21:57,59.7035,30.7861,67.89,40,33,5.21
53,Saint-Pierre,RE,2021-07-24 16:17:06,-21.3393,55.4781,71.24,71,0,4.61
54,Bredasdorp,ZA,2021-07-24 16:21:58,-34.5322,20.0403,54.72,76,52,6.91
55,Sorland,NO,2021-07-24 16:21:58,67.667,12.6934,52.34,97,100,14.52
56,North Bend,US,2021-07-24 16:21:58,43.4065,-124.2243,64.85,88,90,3.44
57,Warkworth,NZ,2021-07-24 16:21:59,-36.4,174.6667,55.42,84,35,16.15
58,Ancud,CL,2021-07-24 16:21:59,-41.8697,-73.8203,46.22,72,100,6.31
59,Geraldton,AU,2021-07-24 16:21:59,-28.7667,114.6,54.01,94,90,6.91
60,Haines Junction,CA,2021-07-24 16:22:00,60.7522,-137.5108,57.15,62,100,2.3
61,Barrow,US,2021-07-24 16:18:53,71.2906,-156.7887,39.22,93,90,0.0
62,Lekoni,GA,2021-07-24 16:22:00,-1.5843,14.2591,92.89,26,70,2.1
63,Jamestown,US,2021-07-24 16:22:00,42.097,-79.2353,80.19,55,1,8.99
64,Vaini,TO,2021-07-24 16:22:01,-21.2,-175.2,69.96,100,40,2.3
65,Mahebourg,MU,2021-07-24 16:22:01,-20.4081,57.7,70.09,78,20,5.75
66,Nizhniy Kuranakh,RU,2021-07-24 16:22:01,58.8353,125.4869,59.45,99,100,2.44
67,Longyearbyen,SJ,2021-07-24 16:21:04,78.2186,15.6401,46.24,76,75,8.05
68,Tasiilaq,GL,2021-07-24 16:22:02,65.6145,-37.6368,42.96,97,100,2.77
69,College,US,2021-07-24 16:22:02,64.8569,-147.8028,59.29,95,90,4.61
70,Mataram,ID,2021-07-24 16:22:03,-8.5833,116.1167,72.41,79,0,6.22
71,Dikson,RU,2021-07-24 16:22:03,73.5069,80.5464,37.87,96,100,30.58
72,Norman Wells,CA,2021-07-24 16:17:07,65.282,-126.8329,57.24,62,75,12.66
73,Severo-Kurilsk,RU,2021-07-24 16:17:14,50.6789,156.125,53.94,96,85,2.73
74,Yaqui,MX,2021-07-24 16:22:04,27.3667,-110.1667,90.16,48,97,11.34
75,Ambovombe,MG,2021-07-24 16:22:04,-25.1667,46.0833,61.5,71,39,10.25
76,Mahibadhoo,MV,2021-07-24 16:22:04,3.7833,72.9667,82.62,74,97,2.77
77,Caravelas,BR,2021-07-24 16:22:05,-17.7125,-39.2481,75.94,63,36,10.29
78,Bambanglipuro,ID,2021-07-24 16:22:05,-7.95,110.2833,74.53,83,2,5.46
79,Hasaki,JP,2021-07-24 16:22:06,35.7333,140.8333,73.8,83,0,5.99
80,Yarada,IN,2021-07-24 16:22:06,17.65,83.2667,84.52,89,75,5.75
81,Sao Felix Do Xingu,BR,2021-07-24 16:22:07,-6.6447,-51.995,94.01,23,94,5.37
82,Gurjaani,GE,2021-07-24 16:22:07,41.7429,45.8011,72.54,82,97,5.21
83,Prokudskoye,RU,2021-07-24 16:22:07,55.0089,82.4574,67.87,88,20,4.47
84,Tuatapere,NZ,2021-07-24 16:22:08,-46.1333,167.6833,38.82,84,100,7.72
85,Benguela,AO,2021-07-24 16:22:08,-12.5763,13.4055,73.81,71,10,7.94
86,Kruisfontein,ZA,2021-07-24 16:22:08,-34.0033,24.7314,54.88,45,1,7.38
87,Luz,BR,2021-07-24 16:22:09,-19.8014,-45.6856,77.32,27,0,9.89
88,Ostersund,SE,2021-07-24 16:18:23,63.1792,14.6357,74.61,49,93,4.61
89,Carnarvon,AU,2021-07-24 16:22:09,-24.8667,113.6333,62.67,67,75,3.44
90,Souillac,MU,2021-07-24 16:22:10,-20.5167,57.5167,70.18,78,20,5.75
91,Kandrian,PG,2021-07-24 16:22:10,-6.2167,149.55,78.39,89,70,4.59
92,Hermanus,ZA,2021-07-24 16:22:11,-34.4187,19.2345,49.8,58,75,1.21
93,Filadelfia,US,2021-07-24 16:19:20,39.9523,-75.1638,87.21,48,40,3.0
94,San Quintin,MX,2021-07-24 16:22:11,30.4833,-115.95,70.79,80,100,6.89
95,Dancheng,CN,2021-07-24 16:22:11,33.6333,115.1833,77.54,85,5,5.37
96,San Ignacio,BZ,2021-07-24 16:22:12,17.1561,-89.0714,80.74,83,40,4.61
97,Sergiyevsk,RU,2021-07-24 16:22:12,53.9413,51.165,66.65,57,71,11.25
98,Vardo,NO,2021-07-24 16:22:12,70.3705,31.1107,46.29,80,96,27.92
99,Newport,GB,2021-07-24 16:19:45,51.5877,-2.9984,70.86,81,100,8.66
100,Nan,TH,2021-07-24 16:22:13,18.8333,100.6667,72.66,98,100,2.3
101,New Norfolk,AU,2021-07-24 16:22:13,-42.7826,147.0587,45.91,82,100,2.98
102,Inirida,CO,2021-07-24 16:22:14,3.8653,-67.9239,76.96,93,100,3.69
103,Kyzyl-Suu,KG,2021-07-24 16:22:14,42.3414,78.0056,68.92,33,0,7.29
104,Cascais,PT,2021-07-24 16:21:59,38.6979,-9.4215,78.66,54,20,10.0
105,Faanui,PF,2021-07-24 16:22:14,-16.4833,-151.75,77.95,66,15,13.98
106,Tumpat,MY,2021-07-24 16:22:15,6.1978,102.171,80.58,94,20,0.0
107,Nizwa,OM,2021-07-24 16:22:15,22.9333,57.5333,95.43,36,70,8.01
108,Pangnirtung,CA,2021-07-24 16:17:22,66.1451,-65.7125,50.0,66,90,4.61
109,Cape Town,ZA,2021-07-24 16:22:15,-33.9258,18.4232,60.12,37,0,5.75
110,Chokurdakh,RU,2021-07-24 16:22:16,70.6333,147.9167,33.91,95,18,11.63
111,Ovre Ardal,NO,2021-07-24 16:22:16,61.3167,7.8,77.07,47,77,1.79
112,Taybad,IR,2021-07-24 16:22:16,34.74,60.7756,93.94,10,0,19.06
113,Schroeder,BR,2021-07-24 16:22:17,-26.4125,-49.0731,78.76,40,0,1.79
114,Comodoro Rivadavia,AR,2021-07-24 16:20:25,-45.8667,-67.5,51.66,43,0,4.61
115,Suifenhe,CN,2021-07-24 16:22:17,44.4,131.1667,68.43,91,99,2.3
116,Hami,CN,2021-07-24 16:22:18,42.8,93.45,92.55,29,31,8.86
117,Tilichiki,RU,2021-07-24 16:22:18,60.4667,166.1,48.81,97,100,2.08
118,Cherskiy,RU,2021-07-24 16:22:18,68.75,161.3,38.89,86,74,3.22
119,Along,IN,2021-07-24 16:22:19,28.1667,94.7667,77.59,99,72,0.98
120,Katsuura,JP,2021-07-24 16:22:19,35.1333,140.3,81.1,84,0,5.66
121,Saldanha,ZA,2021-07-24 16:22:19,-33.0117,17.9442,62.65,59,9,7.74
122,Sandwick,GB,2021-07-24 16:22:20,60.0,-1.25,55.22,88,90,2.3
123,Zhanaozen,KZ,2021-07-24 16:22:20,43.3,52.8,91.6,33,11,12.39
124,Cockburn Town,TC,2021-07-24 16:20:09,21.4612,-71.1419,84.16,70,40,16.11
125,Hobart,AU,2021-07-24 16:21:09,-42.8794,147.3294,46.26,84,40,4.0
126,Guerrero Negro,MX,2021-07-24 16:22:21,27.9769,-114.0611,73.47,68,100,7.23
127,Ayagoz,KZ,2021-07-24 16:22:21,47.9714,80.4392,74.5,35,0,7.47
128,Beidao,CN,2021-07-24 16:22:21,34.5686,105.8933,69.37,92,0,4.14
129,Salalah,OM,2021-07-24 16:22:22,17.0151,54.0924,78.89,94,90,6.91
130,Meulaboh,ID,2021-07-24 16:22:22,4.1363,96.1285,78.48,86,98,4.07
131,Arraial Do Cabo,BR,2021-07-24 16:22:22,-22.9661,-42.0278,76.96,57,0,20.71
132,Saskylakh,RU,2021-07-24 16:22:23,71.9167,114.0833,56.12,65,93,5.37
133,Dauphin,CA,2021-07-24 16:22:23,51.1494,-100.0502,71.74,56,1,19.57
134,Sabha,LY,2021-07-24 16:22:23,27.0377,14.4283,94.89,13,0,12.46
135,Castro,BR,2021-07-24 16:22:20,-24.7911,-50.0119,70.88,39,0,7.52
136,Cabo San Lucas,MX,2021-07-24 16:22:24,22.8909,-109.9124,93.61,66,20,5.99
137,Pasco,US,2021-07-24 16:22:24,28.292,-82.4165,91.78,73,24,3.0
138,Hamilton,US,2021-07-24 16:22:24,39.1834,-84.5333,85.48,63,1,1.01
139,Hays,US,2021-07-24 16:22:25,30.0502,-98.0336,88.12,69,11,3.0
140,Ribeira Grande,PT,2021-07-24 16:22:25,38.5167,-28.7,75.6,83,75,10.36
141,Tuktoyaktuk,CA,2021-07-24 16:22:25,69.4541,-133.0374,55.4,62,40,17.27
142,Whitehorse,CA,2021-07-24 16:21:09,60.7161,-135.0538,56.17,58,75,13.0
143,Nurota,UZ,2021-07-24 16:22:26,40.5614,65.6886,95.09,13,0,9.66
144,Saint George,US,2021-07-24 16:22:26,37.1041,-113.5841,88.39,46,92,1.99
145,Wanning,CN,2021-07-24 16:18:46,18.8003,110.3967,79.48,88,57,8.19
146,Lakatoro,VU,2021-07-24 16:22:27,-16.0999,167.4164,79.27,82,100,6.58
147,Maragogi,BR,2021-07-24 16:22:27,-9.0122,-35.2225,78.98,64,15,13.53
148,Tianmen,CN,2021-07-24 16:22:27,30.6516,113.1603,76.19,91,6,8.14
149,Okahandja,NA,2021-07-24 16:22:28,-21.9833,16.9167,70.83,6,0,9.04
150,Kahului,US,2021-07-24 16:21:00,20.8947,-156.47,77.85,91,40,13.8
151,Torbay,CA,2021-07-24 16:22:28,47.6666,-52.7314,67.87,70,75,13.8
152,Matamoros,MX,2021-07-24 16:19:47,25.5333,-103.25,82.51,43,40,9.22
153,Kurilsk,RU,2021-07-24 16:22:29,45.2333,147.8833,63.12,90,78,3.94
154,Hilo,US,2021-07-24 16:22:23,19.7297,-155.09,74.8,94,90,0.0
155,Bambous Virieux,MU,2021-07-24 16:22:29,-20.3428,57.7575,70.05,78,20,5.75
156,Lalmohan,BD,2021-07-24 16:22:29,22.3384,90.7419,82.72,85,73,17.49
157,Nantucket,US,2021-07-24 16:18:43,41.2835,-70.0995,77.14,69,0,5.75
158,Saint-Ambroise,CA,2021-07-24 16:22:30,48.5501,-71.3324,78.89,39,24,2.51
159,Noumea,NC,2021-07-24 16:22:31,-22.2763,166.4572,71.01,99,1,3.2
160,Laredo,US,2021-07-24 16:20:26,27.5064,-99.5075,89.6,61,1,10.36
161,Sabang,ID,2021-07-24 16:22:31,5.8933,95.3214,83.93,76,99,16.28
162,Hithadhoo,MV,2021-07-24 16:22:15,-0.6,73.0833,82.72,77,66,12.17
163,Srednekolymsk,RU,2021-07-24 16:22:27,67.45,153.6833,45.97,77,90,10.27
164,Touros,BR,2021-07-24 16:22:32,-5.1989,-35.4608,88.7,51,12,20.58
165,Vanimo,PG,2021-07-24 16:22:32,-2.6741,141.3028,75.25,94,99,3.78
166,Lompoc,US,2021-07-24 16:22:33,34.6391,-120.4579,69.1,90,90,0.0
167,Camacari,BR,2021-07-24 16:22:33,-12.6975,-38.3242,73.17,87,75,12.93
168,Ilulissat,GL,2021-07-24 16:22:33,69.2167,-51.1,44.62,76,75,14.97
169,Sayyan,YE,2021-07-24 16:22:34,15.1718,44.3244,68.38,52,84,10.33
170,Bakchar,RU,2021-07-24 16:22:34,57.0186,82.0711,67.64,65,54,3.6
171,Anyama,CI,2021-07-24 16:22:34,5.4946,-4.0518,81.41,52,83,8.37
172,Tomatlan,MX,2021-07-24 16:22:35,19.9333,-105.25,84.83,66,100,0.6
173,Sitka,US,2021-07-24 16:21:28,57.0531,-135.33,57.09,88,90,0.0
174,Kashan,IR,2021-07-24 16:22:35,33.9831,51.4364,104.79,9,7,17.56
175,Pacific Grove,US,2021-07-24 16:22:35,36.6177,-121.9166,63.57,92,90,4.0
176,Hirado,JP,2021-07-24 16:22:36,33.3597,129.5531,77.4,75,98,5.88
177,Oyo,NG,2021-07-24 16:22:36,7.85,3.9333,80.4,65,99,7.74
178,Bethel,US,2021-07-24 16:22:04,41.3712,-73.414,82.72,51,1,1.01
179,Terra Santa,BR,2021-07-24 16:22:37,-2.1042,-56.4869,92.93,38,93,6.44
180,Victoria,HK,2021-07-24 16:19:08,22.2855,114.1577,87.85,88,88,1.01
181,Thinadhoo,MV,2021-07-24 16:22:37,0.5333,72.9333,83.1,72,49,7.27
182,Lida,BY,2021-07-24 16:22:37,53.8833,25.2997,72.36,69,32,2.46
183,Uige,AO,2021-07-24 16:22:38,-7.6087,15.0613,88.34,15,0,4.34
184,Kaitangata,NZ,2021-07-24 16:22:25,-46.2817,169.8464,42.93,52,70,4.5
185,Viedma,AR,2021-07-24 16:18:42,-40.8135,-62.9967,52.83,34,100,12.21
186,Fort Nelson,CA,2021-07-24 16:22:38,58.8053,-122.7002,65.79,52,75,8.05
187,San Rafael,AR,2021-07-24 16:22:39,-34.6177,-68.3301,51.21,47,4,1.01
188,Luderitz,NA,2021-07-24 16:22:39,-26.6481,15.1594,66.99,31,4,4.61
189,Diamantino,BR,2021-07-24 16:22:39,-14.4086,-56.4461,93.47,22,3,9.24
190,Kulhudhuffushi,MV,2021-07-24 16:22:40,6.6221,73.07,81.7,78,100,10.96
191,Cidreira,BR,2021-07-24 16:22:40,-30.1811,-50.2056,70.93,49,0,4.56
192,Lavrentiya,RU,2021-07-24 16:22:21,65.5833,-171.0,47.41,89,100,9.55
193,Constitucion,CL,2021-07-24 16:17:56,-35.3333,-72.4167,53.17,83,99,12.37
194,Ambunti,PG,2021-07-24 16:22:41,-4.2365,142.8448,72.72,99,98,1.41
195,Nouadhibou,MR,2021-07-24 16:22:41,20.931,-17.0347,75.18,78,2,19.57
196,Okhotsk,RU,2021-07-24 16:22:41,59.3833,143.3,55.96,95,94,10.36
197,Anadyr,RU,2021-07-24 16:22:41,64.75,177.4833,55.9,100,90,8.01
198,Mar Del Plata,AR,2021-07-24 16:22:42,-38.0023,-57.5575,55.0,65,0,11.99
199,Mayo,US,2021-07-24 16:22:16,38.8876,-76.5119,87.37,54,20,1.01
200,Casper,US,2021-07-24 16:21:03,42.8666,-106.3131,83.01,26,1,4.0
201,Russell,US,2021-07-24 16:22:43,32.3502,-85.1999,88.99,66,1,0.0
202,Esperance,AU,2021-07-24 16:17:43,-33.8667,121.9,53.15,77,14,18.1
203,Norilsk,RU,2021-07-24 16:22:43,69.3535,88.2027,56.86,66,77,10.2
204,Bathsheba,BB,2021-07-24 16:22:43,13.2167,-59.5167,86.61,74,75,14.97
205,Panguipulli,CL,2021-07-24 16:22:44,-39.6333,-72.3333,40.71,64,35,4.05
206,La Ronge,CA,2021-07-24 16:22:44,55.1001,-105.2842,66.45,63,40,9.22
207,Alyangula,AU,2021-07-24 16:21:26,-13.8483,136.4192,73.27,100,90,6.91
208,Necochea,AR,2021-07-24 16:18:43,-38.5473,-58.7368,54.03,50,73,16.08
209,Los Llanos De Aridane,ES,2021-07-24 16:22:45,28.6585,-17.9182,73.15,83,20,16.11
210,Sinyavino,RU,2021-07-24 16:22:45,59.9078,31.0711,68.02,1,40,2.55
211,Georgetown,MY,2021-07-24 16:22:09,5.4112,100.3354,85.89,79,20,0.0
212,Codrington,AU,2021-07-24 16:22:32,-38.2667,141.9667,42.21,82,99,20.02
213,Dahanu,IN,2021-07-24 16:22:45,19.9667,72.7333,81.25,88,100,14.63
214,Clairmont,CA,2021-07-24 16:22:46,55.2667,-118.786,66.13,45,40,25.32
215,Dingle,PH,2021-07-24 16:22:46,10.9995,122.6711,77.99,84,98,11.1
216,Buchanan,LR,2021-07-24 16:22:46,5.8808,-10.0467,84.16,67,100,10.13
217,Chuy,UY,2021-07-24 16:22:46,-33.6971,-53.4616,66.2,71,54,4.68
218,Lagoa,PT,2021-07-24 16:22:47,39.05,-27.9833,71.08,95,11,14.99
219,Paratinga,BR,2021-07-24 16:22:47,-12.6906,-43.1842,84.61,33,18,8.39
220,Sinnamary,GF,2021-07-24 16:22:47,5.3833,-52.95,85.06,67,76,12.75
221,Mega,ET,2021-07-24 16:22:48,4.05,38.3,60.12,59,100,14.97
222,Muros,ES,2021-07-24 16:22:48,42.7762,-9.0603,74.08,72,31,6.33
223,Spydeberg,NO,2021-07-24 16:22:48,59.6171,11.0856,84.69,40,53,1.01
224,Saint-Philippe,RE,2021-07-24 16:22:49,-21.3585,55.7679,71.15,81,60,6.64
225,Leningradskiy,RU,2021-07-24 16:22:49,69.3833,178.4167,36.46,94,99,3.31
226,Beringovskiy,RU,2021-07-24 16:22:50,63.05,179.3167,50.23,91,100,8.1
227,Wenling,CN,2021-07-24 16:22:50,28.3669,121.36,77.92,89,100,26.78
228,Vila Velha,BR,2021-07-24 16:18:28,-20.3297,-40.2925,78.75,55,40,9.22
229,Port Lincoln,AU,2021-07-24 16:22:43,-34.7333,135.8667,51.96,64,78,25.84
230,Lumeje,AO,2021-07-24 16:22:50,-11.55,20.7833,80.46,22,3,6.29
231,Nelson Bay,AU,2021-07-24 16:22:51,-32.7167,152.15,59.09,56,18,4.0
232,Aklavik,CA,2021-07-24 16:22:28,68.2191,-135.0107,61.52,100,90,8.05
233,Deputatskiy,RU,2021-07-24 16:22:51,69.3,139.9,44.92,78,67,5.26
234,Airai,TL,2021-07-24 16:22:41,-8.9266,125.4092,56.61,42,24,3.04
235,Samarai,PG,2021-07-24 16:22:52,-10.6167,150.6667,79.3,86,85,9.98
236,Road Town,VG,2021-07-24 16:22:52,18.4167,-64.6167,84.2,89,40,12.66
237,Lorengau,PG,2021-07-24 16:18:16,-2.0226,147.2712,80.01,83,10,5.88
238,Sheridan,US,2021-07-24 16:22:52,44.8333,-106.9173,85.32,23,1,1.99
239,Ambanja,MG,2021-07-24 16:22:53,-13.6833,48.45,71.55,82,82,0.76
240,Hofn,IS,2021-07-24 16:22:53,64.2539,-15.2082,53.56,99,100,13.51
241,Wilmington,US,2021-07-24 16:22:36,34.2257,-77.9447,86.86,60,1,10.36
242,Vila Franca Do Campo,PT,2021-07-24 16:22:53,37.7167,-25.4333,73.81,68,24,7.83
243,Thaba-Tseka,LS,2021-07-24 16:22:54,-29.522,28.6084,35.31,22,0,3.42
244,Simplicio Mendes,BR,2021-07-24 16:22:54,-7.8539,-41.9103,90.01,31,9,13.15
245,Oranjemund,NA,2021-07-24 16:22:54,-28.55,16.4333,70.02,21,2,11.36
246,Awbari,LY,2021-07-24 16:22:55,26.5921,12.7805,95.65,13,0,12.15
247,Krasnoselkup,RU,2021-07-24 16:22:55,65.7,82.4667,62.02,87,97,12.66
248,Hanko,FI,2021-07-24 16:22:56,59.8333,22.95,72.34,67,47,11.86
249,Arrecife,ES,2021-07-24 16:19:53,28.963,-13.5477,78.78,65,20,23.02
250,Norden,DE,2021-07-24 16:22:56,53.6,7.2,76.96,52,87,11.36
251,Riyadh,SA,2021-07-24 16:22:56,24.6877,46.7219,105.94,11,3,13.65
252,Sao Filipe,CV,2021-07-24 16:22:57,14.8961,-24.4956,74.25,74,82,8.32
253,Imbituba,BR,2021-07-24 16:22:57,-28.24,-48.6703,73.29,51,0,8.7
254,Flinders,AU,2021-07-24 16:22:57,-34.5833,150.8552,55.38,61,66,7.0
255,Marawi,PH,2021-07-24 16:22:58,7.9986,124.2928,70.25,88,85,5.88
256,Bayir,TR,2021-07-24 16:22:58,37.2687,28.2167,84.72,31,61,6.73
257,Rapid Valley,US,2021-07-24 16:22:58,44.0625,-103.1463,87.42,45,1,3.0
258,Veraval,IN,2021-07-24 16:22:59,20.9,70.3667,82.87,83,97,15.43
259,Belyy Yar,RU,2021-07-24 16:22:59,53.6039,91.3903,71.49,83,0,4.47
260,Laguna,US,2021-07-24 16:22:59,38.421,-121.4238,89.44,56,1,1.01
261,Ostrovnoy,RU,2021-07-24 16:23:00,68.0531,39.5131,48.96,83,100,20.69
262,Boende,CD,2021-07-24 16:19:02,-0.2167,20.8667,84.85,44,100,2.01
263,Nuuk,GL,2021-07-24 16:20:34,64.1835,-51.7216,41.61,81,75,9.22
264,Acapulco,MX,2021-07-24 16:23:00,16.8634,-99.8901,84.02,79,75,9.22
265,Praia Da Vitoria,PT,2021-07-24 16:23:01,38.7333,-27.0667,80.85,69,20,15.21
266,Tiarei,PF,2021-07-24 16:23:01,-17.5333,-149.3333,69.82,70,0,9.28
267,Roald,NO,2021-07-24 16:23:01,62.5833,6.1333,77.16,88,75,6.91
268,Tucupita,VE,2021-07-24 16:23:02,9.0622,-62.051,87.46,64,51,6.02
269,Ismailia,EG,2021-07-24 16:23:02,30.6043,32.2723,85.23,53,0,20.38
270,Barra Do Garcas,BR,2021-07-24 16:23:03,-15.89,-52.2567,88.68,26,0,8.1
271,Villazon,BO,2021-07-24 16:23:03,-22.0866,-65.5942,57.58,18,77,7.29
272,Puerto Lopez,CO,2021-07-24 16:23:03,4.0845,-72.956,79.2,73,100,5.73
273,Springdale,US,2021-07-24 16:22:34,36.1867,-94.1288,89.26,70,1,10.0
274,Nador,MA,2021-07-24 16:23:04,35.174,-2.9287,96.87,19,0,16.11
275,Drayton Valley,CA,2021-07-24 16:23:04,53.2168,-114.9854,62.91,45,32,4.76
276,Turukhansk,RU,2021-07-24 16:23:04,65.8167,87.9833,69.87,68,19,8.99
277,Half Moon Bay,US,2021-07-24 16:23:05,37.4636,-122.4286,73.92,80,75,1.99
278,Itacare,BR,2021-07-24 16:23:05,-14.2775,-38.9967,80.49,68,100,13.94
279,Padang,ID,2021-07-24 16:23:05,-0.9492,100.3543,78.51,86,78,3.4
280,Huainan,CN,2021-07-24 16:23:06,32.6264,116.9969,75.25,93,67,6.04
281,Glowno,PL,2021-07-24 16:23:06,51.9646,19.7157,79.57,54,74,5.14
282,Bondo,CD,2021-07-24 16:23:06,3.8146,23.6866,76.5,81,91,2.62
283,Razole,IN,2021-07-24 16:23:07,16.4833,81.8333,84.49,79,49,4.61
284,Batagay,RU,2021-07-24 16:23:07,67.6333,134.6333,59.77,69,77,5.01
285,Huanren,CN,2021-07-24 16:23:08,41.2647,125.3667,70.32,92,60,2.89
286,Hammerfest,NO,2021-07-24 16:23:08,70.6634,23.6821,45.05,100,75,11.5
287,Nanortalik,GL,2021-07-24 16:23:08,60.1432,-45.2371,43.77,96,100,11.83
288,Thompson,CA,2021-07-24 16:22:21,55.7435,-97.8558,64.56,72,90,12.66
289,Kaoma,ZM,2021-07-24 16:23:09,-14.7833,24.8,70.11,40,48,11.95
290,Salem,IN,2021-07-24 16:23:09,11.65,78.1667,78.69,77,63,4.63
291,Alofi,NU,2021-07-24 16:22:40,-19.0595,-169.9187,73.29,100,85,4.61
292,Sao Gabriel Da Cachoeira,BR,2021-07-24 16:23:10,-0.1303,-67.0892,84.0,84,40,3.44
293,King City,US,2021-07-24 16:23:10,36.2127,-121.126,84.22,33,27,0.27
294,Iqaluit,CA,2021-07-24 16:19:06,63.7506,-68.5145,47.93,70,90,15.99
295,Mogadishu,SO,2021-07-24 16:23:10,2.0371,45.3438,76.8,79,59,23.82
296,Stettler,CA,2021-07-24 16:23:11,52.3168,-112.7186,67.75,52,6,6.91
297,Ranau,MY,2021-07-24 16:23:11,5.9538,116.6641,74.05,76,58,2.08
298,Kuching,MY,2021-07-24 16:23:11,1.55,110.3333,80.82,89,20,0.0
299,San Patricio,US,2021-07-24 16:23:12,28.017,-97.5169,90.32,51,0,13.51
300,Aswan,EG,2021-07-24 16:23:12,24.0934,32.907,103.3,15,0,12.66
301,Ponta Do Sol,PT,2021-07-24 16:22:21,32.6667,-17.1,82.71,68,0,4.9
302,Scarborough,GB,2021-07-24 16:21:14,54.2797,-0.4044,66.02,73,100,1.01
303,Luxor,EG,2021-07-24 16:23:13,25.6989,32.6421,96.85,21,0,9.22
304,Tamandare,BR,2021-07-24 16:23:13,-8.7597,-35.1047,79.77,61,24,12.71
305,Upernavik,GL,2021-07-24 16:23:14,72.7868,-56.1549,39.04,91,99,7.29
306,Bocanda,CI,2021-07-24 16:23:14,7.0626,-4.4995,82.44,60,99,6.51
307,Carrollton,US,2021-07-24 16:19:50,32.9537,-96.8903,91.69,65,20,1.01
308,Isangel,VU,2021-07-24 16:23:14,-19.55,169.2667,75.07,86,6,2.86
309,Talcahuano,CL,2021-07-24 16:23:15,-36.7167,-73.1167,53.28,87,75,13.8
310,Innisfail,AU,2021-07-24 16:23:15,-17.5333,146.0333,65.34,86,15,4.12
311,Urumqi,CN,2021-07-24 16:23:15,43.801,87.6005,85.15,23,0,4.47
312,Chulman,RU,2021-07-24 16:23:16,56.8479,124.9104,56.3,98,100,3.15
313,Bonavista,CA,2021-07-24 16:23:16,48.6499,-53.1147,64.4,77,63,4.59
314,Avarua,CK,2021-07-24 16:22:25,-21.2078,-159.775,69.85,83,40,5.75
315,Charters Towers,AU,2021-07-24 16:23:17,-20.1,146.2667,60.35,46,70,8.7
316,Lumphat,KH,2021-07-24 16:23:17,13.4878,106.9816,72.21,96,100,6.11
317,Clyde River,CA,2021-07-24 16:23:17,70.4692,-68.5914,35.83,93,90,13.8
318,Kharan,PK,2021-07-24 16:23:18,28.5833,65.4167,102.76,14,82,5.7
319,Vanderhoof,CA,2021-07-24 16:23:18,54.0166,-124.0198,60.98,63,97,3.06
320,Sivas,TR,2021-07-24 16:23:18,39.7916,37.0019,61.43,72,40,19.57
321,Kavieng,PG,2021-07-24 16:23:19,-2.5744,150.7967,82.33,77,4,11.05
322,Dawei,MM,2021-07-24 16:23:19,14.0833,98.2,76.78,91,100,7.96
323,Derzhavinsk,KZ,2021-07-24 16:23:19,51.1,66.3167,79.12,47,78,16.06
324,Ketchikan,US,2021-07-24 16:23:20,55.3422,-131.6461,55.87,94,90,10.36
325,Pisco,PE,2021-07-24 16:23:20,-13.7,-76.2167,66.25,63,75,3.44
326,Yanam,IN,2021-07-24 16:23:20,16.7333,82.2167,84.6,76,60,4.14
327,Mokrousovo,RU,2021-07-24 16:23:21,55.8103,66.7653,65.46,98,100,6.24
328,Dalvik,IS,2021-07-24 16:23:21,65.9702,-18.5286,58.93,84,100,4.18
329,San Cristobal,VE,2021-07-24 16:23:21,7.7669,-72.225,80.78,50,100,5.66
330,Narasapur,IN,2021-07-24 16:23:22,16.45,81.6667,83.71,77,47,6.26
331,Baiyin,CN,2021-07-24 16:23:22,36.5583,104.2081,83.28,49,41,5.41
332,Dubbo,AU,2021-07-24 16:23:22,-32.25,148.6167,48.33,81,75,20.71
333,Wagga Wagga,AU,2021-07-24 16:23:23,-35.1167,147.3667,45.01,100,90,20.71
334,Bilibino,RU,2021-07-24 16:23:23,68.0546,166.4372,44.91,82,46,1.36
335,Sept-Iles,CA,2021-07-24 16:20:20,50.2001,-66.3821,67.05,81,40,8.01
336,Lexington,US,2021-07-24 16:23:24,37.9887,-84.4777,83.28,59,1,1.01
337,Puerto Leguizamo,CO,2021-07-24 16:23:24,-0.1934,-74.7819,83.39,60,97,2.95
338,Superior,US,2021-07-24 16:21:18,46.7208,-92.1041,82.71,62,1,12.66
339,Demba,CD,2021-07-24 16:23:25,-5.51,22.2667,88.03,24,25,2.64
340,Quatre Cocos,MU,2021-07-24 16:23:25,-20.2078,57.7625,69.91,73,50,9.84
341,Kayerkan,RU,2021-07-24 16:23:25,69.3497,87.7602,54.16,68,74,12.97
342,Galveston,US,2021-07-24 16:23:25,29.3669,-94.9669,91.94,75,20,1.99
343,Warrnambool,AU,2021-07-24 16:23:26,-38.3833,142.4833,41.81,64,100,17.9
344,Salobrena,ES,2021-07-24 16:23:26,36.7428,-3.5872,106.02,32,4,9.44
345,Adrar,MR,2021-07-24 16:23:26,20.5022,-10.0711,107.47,14,16,3.85
346,Yamada,JP,2021-07-24 16:23:27,39.4667,141.95,71.4,94,28,5.55
347,Woodstock,CA,2021-07-24 16:20:30,43.1334,-80.7497,75.81,84,90,13.0
348,Sola,VU,2021-07-24 16:23:27,-13.8833,167.55,80.49,74,97,12.08
349,Sakakah,SA,2021-07-24 16:23:28,29.9697,40.2064,98.17,19,0,11.45
350,Khilok,RU,2021-07-24 16:23:28,51.3674,110.4676,59.34,72,79,1.7
351,Burgeo,CA,2021-07-24 16:23:28,47.6167,-57.6152,56.95,92,100,2.44
352,The Valley,AI,2021-07-24 16:23:29,18.217,-63.0578,85.1,79,20,18.41
353,Galbshtadt,RU,2021-07-24 16:23:29,53.2264,78.9845,69.91,70,58,5.41
354,Klaksvik,FO,2021-07-24 16:23:30,62.2266,-6.589,52.72,94,81,21.88
355,Zlotow,PL,2021-07-24 16:23:30,53.3635,17.0408,78.24,53,86,8.08
356,Avera,US,2021-07-24 16:23:30,33.194,-82.5271,88.38,54,0,5.79
357,Arman,RU,2021-07-24 16:23:31,59.7,150.1667,51.8,96,100,4.38
358,Gashua,NG,2021-07-24 16:23:31,12.871,11.0482,87.51,48,56,12.68
359,Bairiki,KI,2021-07-24 16:23:31,1.3292,172.9752,82.4,78,20,4.61
360,Ixtapa,MX,2021-07-24 16:23:32,20.7,-105.2,83.23,83,75,3.44
361,Port Hedland,AU,2021-07-24 16:23:32,-20.3167,118.5667,62.65,63,7,2.3
362,Consett,GB,2021-07-24 16:23:32,54.854,-1.8316,68.14,74,98,9.62
363,San Policarpo,PH,2021-07-24 16:23:33,12.1791,125.5072,82.35,72,27,12.41
364,Nara,JP,2021-07-24 16:23:33,34.6851,135.8049,81.97,94,64,2.93
365,Villa Bruzual,VE,2021-07-24 16:23:33,9.3328,-69.1208,80.11,86,99,5.84
366,Mpraeso,GH,2021-07-24 16:23:34,6.5932,-0.7346,79.32,58,80,6.87
367,Stabat,ID,2021-07-24 16:23:34,3.761,98.4513,82.6,92,54,2.62
368,Provideniya,RU,2021-07-24 16:23:19,64.3833,-173.3,46.94,98,100,11.12
369,Svetlaya,RU,2021-07-24 16:23:34,46.5389,138.3297,70.36,94,90,4.16
370,Ferme-Neuve,CA,2021-07-24 16:23:35,46.7001,-75.4493,76.78,47,100,9.8
371,Udachnyy,RU,2021-07-24 16:23:35,66.4167,112.4,59.83,52,62,4.09
372,Cheremshan,RU,2021-07-24 16:23:35,54.6667,51.5,63.9,67,96,10.38
373,La Macarena,CO,2021-07-24 16:23:36,2.1837,-73.7849,79.23,69,100,5.77
374,Sao Raimundo Nonato,BR,2021-07-24 16:23:13,-9.0153,-42.6994,89.49,30,17,12.06
375,Turayf,SA,2021-07-24 16:23:36,31.6725,38.6637,89.85,31,0,11.5
376,Gongzhuling,CN,2021-07-24 16:23:37,43.5008,124.8198,77.34,72,100,11.45
377,Belmonte,BR,2021-07-24 16:23:37,-15.8631,-38.8828,80.6,57,97,12.68
378,Iquitos,PE,2021-07-24 16:22:25,-3.7481,-73.2472,80.64,83,75,3.44
379,Lodwar,KE,2021-07-24 16:23:37,3.1191,35.5973,77.49,59,91,8.14
380,Nome,US,2021-07-24 16:23:38,64.5011,-165.4064,46.47,87,90,3.44
381,Lata,PT,2021-07-24 16:23:38,40.1629,-8.3327,81.05,44,4,11.97
382,Trelew,AR,2021-07-24 16:23:38,-43.249,-65.3051,51.01,29,100,18.68
383,General Jose Eduvigis Diaz,PY,2021-07-24 16:23:39,-27.1667,-58.4167,89.06,32,17,13.18
384,Bengkulu,ID,2021-07-24 16:22:19,-3.8004,102.2655,77.45,84,9,6.55
385,Saint Anthony,US,2021-07-24 16:23:39,45.0205,-93.218,85.24,60,20,3.0
386,Taoudenni,ML,2021-07-24 16:20:11,22.6783,-3.9836,113.43,5,5,9.75
387,Usinsk,RU,2021-07-24 16:23:40,65.9939,57.5281,51.4,81,100,3.85
388,Shumikha,RU,2021-07-24 16:23:40,55.2261,63.2961,64.17,79,100,3.87
389,Loandjili,CG,2021-07-24 16:23:40,-4.7561,11.8578,75.31,78,90,4.61
390,Saint-Augustin,CA,2021-07-24 16:23:41,51.226,-58.6502,56.77,69,91,8.68
391,Grand Gaube,MU,2021-07-24 16:23:41,-20.0064,57.6608,70.2,70,54,1.99
392,Artsyz,UA,2021-07-24 16:23:41,45.9919,29.4182,79.27,41,9,6.62
393,Tatawin,TN,2021-07-24 16:23:42,32.9297,10.4518,101.28,11,0,9.53
394,Rafsanjan,IR,2021-07-24 16:23:05,30.4067,55.9939,93.18,10,3,20.18
395,Oga,IT,2021-07-24 16:23:42,46.4631,10.347,70.68,76,88,9.15
396,Piritiba,BR,2021-07-24 16:23:42,-11.7303,-40.5553,65.91,86,100,7.38
397,Port Macquarie,AU,2021-07-24 16:23:43,-31.4333,152.9167,49.96,71,4,7.0
398,Shimoda,JP,2021-07-24 16:23:43,34.6667,138.95,75.11,84,0,6.35
399,Fairbanks,US,2021-07-24 16:21:52,64.8378,-147.7164,61.09,94,90,9.22
400,Sao Sepe,BR,2021-07-24 16:23:44,-30.1606,-53.5653,82.35,49,0,4.34
401,Merauke,ID,2021-07-24 16:23:44,-8.4667,140.3333,75.87,86,100,8.23
402,Fillmore,US,2021-07-24 16:23:44,43.6666,-92.1002,83.39,69,1,8.05
403,Amarwara,IN,2021-07-24 16:23:45,22.3,79.1667,71.87,93,100,11.03
404,Iberia,US,2021-07-24 16:23:45,29.9502,-91.7507,89.67,70,20,9.22
405,Bahia Honda,CU,2021-07-24 16:19:10,22.9036,-83.1592,86.74,62,11,6.02
406,Tutoia,BR,2021-07-24 16:23:46,-2.7619,-42.2744,91.38,48,19,6.93
407,Buala,SB,2021-07-24 16:23:46,-8.145,159.5921,79.86,81,47,5.46
408,Cap-Chat,CA,2021-07-24 16:22:28,49.1001,-66.6821,62.6,62,40,5.66
409,Velizh,RU,2021-07-24 16:23:47,55.6056,31.1967,70.66,47,25,3.87
410,Araouane,ML,2021-07-24 16:23:47,18.9048,-3.5265,107.06,17,8,9.24
411,Yar-Sale,RU,2021-07-24 16:23:47,66.8333,70.8333,54.37,69,100,8.97
412,Batemans Bay,AU,2021-07-24 16:23:48,-35.7167,150.1833,48.99,69,75,4.79
413,Den Helder,NL,2021-07-24 16:23:48,52.9599,4.7593,76.98,71,90,6.91
414,Oskarshamn,SE,2021-07-24 16:23:49,57.2645,16.4484,72.81,53,0,8.97
415,Burgos,ES,2021-07-24 16:23:49,42.3394,-3.7079,75.61,27,20,11.5
416,Shellbrook,CA,2021-07-24 16:23:49,53.2168,-106.4011,70.83,37,49,16.17
417,Camabatela,AO,2021-07-24 16:23:50,-8.1881,15.375,82.2,15,0,4.63
418,Canutama,BR,2021-07-24 16:23:50,-6.5339,-64.3831,85.3,60,67,3.11
419,Beaverlodge,CA,2021-07-24 16:23:50,55.2166,-119.4361,65.55,43,9,18.79
420,Coahuayana,MX,2021-07-24 16:23:51,18.7333,-103.6833,87.28,74,98,2.04
421,Atambua,ID,2021-07-24 16:23:51,-9.1061,124.8925,67.15,70,14,4.34
422,Marystown,CA,2021-07-24 16:23:51,47.1666,-55.1483,60.53,85,93,12.08
423,Slantsy,RU,2021-07-24 16:23:52,59.1182,28.0914,68.23,41,41,5.28
424,Mugan,CN,2021-07-24 16:23:52,35.9404,101.3842,66.43,79,96,5.37
425,Lagos,NG,2021-07-24 16:22:03,6.5833,3.75,84.52,67,58,9.62
426,Toora-Khem,RU,2021-07-24 16:23:52,52.4675,96.11,60.57,96,100,1.54
427,Boyolangu,ID,2021-07-24 16:23:53,-8.1181,111.8935,72.99,88,55,3.36
428,Yarmouth,US,2021-07-24 16:23:53,41.7057,-70.2286,81.97,64,1,5.01
429,Mayumba,GA,2021-07-24 16:23:53,-3.432,10.6554,73.44,77,35,9.19
430,Port Blair,IN,2021-07-24 16:23:30,11.6667,92.75,82.45,84,100,22.01
431,Ritchie,ZA,2021-07-24 16:23:54,-29.038,24.6028,49.21,27,0,6.11
432,Wagar,SD,2021-07-24 16:23:54,16.1525,36.2032,75.58,85,100,14.88
433,Parkent,UZ,2021-07-24 16:23:55,41.2944,69.6764,94.82,14,0,6.73
434,Namatanai,PG,2021-07-24 16:23:55,-3.6667,152.4333,78.6,82,45,5.12
435,Petropavlovsk-Kamchatskiy,RU,2021-07-24 16:23:55,53.0452,158.6483,54.19,100,20,4.47
436,Vertientes,CU,2021-07-24 16:23:56,21.2594,-78.1464,88.41,64,37,7.07
437,Maumere,ID,2021-07-24 16:23:56,-8.6199,122.2111,75.56,71,16,6.11
438,Kasongo-Lunda,CD,2021-07-24 16:23:56,-6.4667,16.8167,92.86,16,0,4.27
439,Shahrud,IR,2021-07-24 16:19:15,36.4182,54.9763,81.86,51,1,12.5
440,Seoul,KR,2021-07-24 16:22:32,37.5683,126.9778,80.11,89,0,2.3
441,Zhanakorgan,KZ,2021-07-24 16:23:57,43.9098,67.2495,93.42,15,0,13.31
442,Beatrice,US,2021-07-24 16:23:57,40.2681,-96.747,89.46,62,1,6.91
443,La Libertad,EC,2021-07-24 16:23:58,-2.2333,-80.9,74.86,73,40,8.05
444,Onega,RU,2021-07-24 16:23:58,63.9061,38.1404,53.31,61,100,7.67
445,Tanout,NE,2021-07-24 16:23:58,14.9709,8.8879,93.47,36,82,11.41
446,Mezen,RU,2021-07-24 16:23:59,65.8522,44.24,45.57,93,100,10.47
447,Paracuru,BR,2021-07-24 16:22:37,-3.41,-39.0306,87.82,45,81,14.63
448,Sisimiut,GL,2021-07-24 16:23:59,66.9395,-53.6735,38.26,94,96,6.13
449,Wajir,KE,2021-07-24 16:23:59,1.7471,40.0573,83.73,34,98,20.49
450,Yerbogachen,RU,2021-07-24 16:22:40,61.2767,108.0108,63.27,72,69,4.09
451,Halifax,CA,2021-07-24 16:21:43,44.6453,-63.5724,72.52,63,26,3.0
452,Kohima,IN,2021-07-24 16:24:00,25.6667,94.1167,66.87,96,93,2.06
453,Lindas,NO,2021-07-24 16:24:00,60.7381,5.16,76.71,85,90,4.05
454,Alugan,PH,2021-07-24 16:24:01,12.2188,125.4808,82.29,71,34,11.99
455,Fortuna,US,2021-07-24 16:24:01,40.5982,-124.1573,56.98,92,20,0.0
456,Bage,BR,2021-07-24 16:24:01,-31.3314,-54.1069,82.18,36,0,12.66
457,Kamaishi,JP,2021-07-24 16:24:02,39.2667,141.8833,72.14,93,17,5.19
458,Rio Grande,BR,2021-07-24 16:24:02,-32.035,-52.0986,67.5,61,0,5.23
459,Hirara,JP,2021-07-24 16:24:03,24.8,125.2833,82.8,84,100,23.33
460,Viransehir,TR,2021-07-24 16:24:03,37.2353,39.7631,94.8,12,0,9.24
461,Yulara,AU,2021-07-24 16:24:03,-25.2406,130.9889,44.44,57,76,5.75
462,Uvat,RU,2021-07-24 16:24:04,59.1433,68.8953,57.94,95,100,2.44
463,Aquiraz,BR,2021-07-24 16:24:04,-3.9014,-38.3911,89.22,43,19,12.26
464,Namibe,AO,2021-07-24 16:23:17,-15.1961,12.1522,72.27,61,0,8.7
465,Kodinsk,RU,2021-07-24 16:24:04,58.6881,99.1844,66.24,64,17,3.15
466,Ashland,US,2021-07-24 16:23:45,40.8167,-82.2665,81.14,71,92,10.87
467,Orlik,RU,2021-07-24 16:24:05,52.5178,99.825,61.0,75,100,3.6
468,Taksimo,RU,2021-07-24 16:22:48,56.3444,114.8794,58.57,80,95,5.84
469,Moree,AU,2021-07-24 16:24:05,-29.4667,149.85,50.02,66,83,9.22
470,Shingu,JP,2021-07-24 16:23:51,33.7333,135.9833,75.9,90,43,4.79
471,El Retorno,CO,2021-07-24 16:24:06,2.3302,-72.6276,78.84,72,100,4.21
472,Olafsvik,IS,2021-07-24 16:24:06,64.8945,-23.7142,50.58,94,99,11.39
473,Monrovia,LR,2021-07-24 16:24:07,6.3005,-10.7969,83.97,74,100,11.36
474,Northam,GB,2021-07-24 16:23:34,51.0333,-4.2167,72.3,84,75,12.26
475,Ailigandi,PA,2021-07-24 16:24:07,9.2333,-78.0167,83.34,75,100,3.2
476,Cap Malheureux,MU,2021-07-24 16:24:08,-19.9842,57.6142,70.29,70,53,3.0
477,Matara,LK,2021-07-24 16:24:08,5.9485,80.5353,77.36,91,86,7.47
478,Batagay-Alyta,RU,2021-07-24 16:24:08,67.8006,130.4114,56.55,86,100,4.52
479,Tukums,LV,2021-07-24 16:24:09,56.9669,23.1553,67.35,47,26,8.41
480,Pitanga,BR,2021-07-24 16:23:39,-24.7572,-51.7614,71.01,39,0,6.49
481,London,GB,2021-07-24 16:23:32,51.5085,-0.1257,75.36,73,40,9.22
482,San Andres,CO,2021-07-24 16:24:09,12.5847,-81.7006,81.5,82,100,19.93
483,Oksfjord,NO,2021-07-24 16:24:10,70.2396,22.3479,51.87,98,100,9.8
484,Tumbi,TZ,2021-07-24 16:24:10,-5.0667,32.7333,75.06,27,12,4.09
485,Kaspiyskiy,RU,2021-07-24 16:24:10,45.3929,47.3707,81.77,53,59,10.45
486,Flin Flon,CA,2021-07-24 16:24:11,54.7682,-101.865,67.84,64,75,9.22
487,Tete,MZ,2021-07-24 16:24:11,-16.1564,33.5867,71.69,40,20,12.66
488,Tarauaca,BR,2021-07-24 16:24:11,-8.1614,-70.7656,92.37,36,30,1.66
489,Manyana,BW,2021-07-24 16:24:12,-23.4,21.7167,56.77,26,0,8.41
490,Maine-Soroa,NE,2021-07-24 16:24:12,13.2114,12.0241,90.19,42,23,10.92
491,Martapura,ID,2021-07-24 16:24:12,-3.4167,114.85,75.29,88,6,2.3
492,Okha,RU,2021-07-24 16:24:12,53.5739,142.9478,61.83,99,100,8.84
493,Burns Lake,CA,2021-07-24 16:24:13,54.2331,-125.7533,53.02,73,100,3.65
494,Wangkui,CN,2021-07-24 16:24:13,46.8333,126.5,69.62,97,100,5.08
495,Hualmay,PE,2021-07-24 16:24:13,-11.0964,-77.6139,66.94,71,36,8.19
496,Najran,SA,2021-07-24 16:19:36,17.4924,44.1277,92.05,28,53,15.88
497,Saint-Georges,GD,2021-07-24 16:24:14,12.0564,-61.7485,85.68,79,75,17.27
498,Annau,TM,2021-07-24 16:24:14,37.8876,58.516,99.9,17,0,6.91
499,Ulladulla,AU,2021-07-24 16:22:39,-35.35,150.4667,54.88,65,70,8.3
500,Caucaia,BR,2021-07-24 16:24:15,-3.7361,-38.6531,89.08,48,40,11.5
501,Tambovka,RU,2021-07-24 16:24:15,50.0969,128.0489,69.91,96,100,10.87
502,Namtsy,RU,2021-07-24 16:24:15,62.7161,129.6658,62.71,96,39,5.03
503,Hay River,CA,2021-07-24 16:24:16,60.8156,-115.7999,53.58,87,75,11.5
504,Balabac,PH,2021-07-24 16:24:16,7.9868,117.0645,83.16,83,100,11.83
505,Zhezkazgan,KZ,2021-07-24 16:24:16,47.8043,67.7144,90.81,17,16,6.38
506,Conceicao Do Araguaia,BR,2021-07-24 16:24:17,-8.2578,-49.2647,93.33,31,0,12.66
507,Ca Mau,VN,2021-07-24 16:21:07,9.1769,105.15,78.62,85,97,8.25
508,Arlit,NE,2021-07-24 16:24:17,18.7369,7.3853,102.11,22,10,5.28
509,Obo,CF,2021-07-24 16:24:18,5.3998,26.4869,79.59,67,82,4.92
510,Sur,OM,2021-07-24 16:23:27,22.5667,59.5289,93.65,54,79,10.51
511,Carlisle,US,2021-07-24 16:24:18,40.2015,-77.1889,84.79,50,5,1.99
512,Wahiawa,US,2021-07-24 16:24:18,21.5028,-158.0236,75.52,85,90,0.0
513,Omsukchan,RU,2021-07-24 16:24:19,62.5333,155.8,47.82,93,98,4.76
514,Lapeer,US,2021-07-24 16:24:19,43.0514,-83.3188,84.11,83,40,10.36
515,Beyneu,KZ,2021-07-24 16:24:19,45.3167,55.2,94.12,29,50,9.6
516,Abu Dhabi,AE,2021-07-24 16:24:20,24.4667,54.3667,98.71,59,36,8.05
517,Carballo,ES,2021-07-24 16:24:20,43.213,-8.691,73.0,79,58,8.75
518,Leh,IN,2021-07-24 16:24:20,34.1667,77.5833,74.53,31,59,5.59
519,Kargil,IN,2021-07-24 16:24:21,34.5667,76.1,71.15,40,50,7.02
520,Xam Nua,LA,2021-07-24 16:24:21,20.4197,104.0439,68.5,97,3,1.59
521,Vao,NC,2021-07-24 16:24:22,-22.6667,167.4833,70.74,85,27,7.27
522,Bubaque,GW,2021-07-24 16:24:22,11.2833,-15.8333,79.43,74,96,6.58
523,Mombetsu,JP,2021-07-24 16:24:22,44.3525,143.3525,70.86,91,28,3.0
524,Tautira,PF,2021-07-24 16:24:23,-17.7333,-149.15,69.82,70,0,8.86
525,Sal Rei,CV,2021-07-24 16:24:23,16.1833,-22.9167,81.16,57,40,12.66
526,Shibetsu,JP,2021-07-24 16:24:23,43.659,145.132,64.53,98,45,7.78
527,Balakhta,RU,2021-07-24 16:24:24,55.38,91.6,65.03,76,13,5.3
528,Oktyabrskoye,RU,2021-07-24 16:24:24,43.0645,44.7417,68.14,88,75,4.47
529,Berlevag,NO,2021-07-24 16:24:24,70.8578,29.0864,45.21,86,100,27.94
530,Tynda,RU,2021-07-24 16:24:25,55.1667,124.7167,56.55,97,50,3.44
531,Guilin,CN,2021-07-24 16:24:25,25.2819,110.2864,80.71,83,18,4.97
532,Ilhabela,BR,2021-07-24 16:24:25,-23.7781,-45.3581,73.18,54,0,4.83
533,Portree,GB,2021-07-24 16:24:26,57.4129,-6.1942,72.52,45,91,2.89
534,Christchurch,NZ,2021-07-24 16:24:24,-43.5333,172.6333,46.9,88,5,1.99
535,Dondo,MZ,2021-07-24 16:24:26,-19.6094,34.7431,69.31,67,62,9.98
536,Muzhi,RU,2021-07-24 16:24:26,65.3667,64.6667,62.13,63,95,9.37
537,Kashary,RU,2021-07-24 16:24:27,49.04,41.0056,77.72,41,38,8.34
538,Esil,KZ,2021-07-24 16:24:27,51.9556,66.4042,74.52,54,100,7.9
539,Porto Novo,BJ,2021-07-24 16:24:28,6.4965,2.6036,82.22,63,73,12.44
540,Zunyi,CN,2021-07-24 16:24:28,27.6867,106.9072,69.53,93,15,3.98
541,Toamasina,MG,2021-07-24 16:24:28,-18.1667,49.3833,69.8,83,20,4.61
542,Stornoway,GB,2021-07-24 16:23:20,58.2093,-6.3865,68.94,82,52,9.22
543,Betafo,MG,2021-07-24 16:24:29,-19.8333,46.85,56.43,79,86,9.04
544,Cabedelo,BR,2021-07-24 16:24:29,-6.9811,-34.8339,83.07,61,0,17.81
545,Puerto Carreno,CO,2021-07-24 16:24:30,6.189,-67.4859,82.22,76,98,1.68
546,Tres Arroyos,AR,2021-07-24 16:24:30,-38.3739,-60.2798,54.73,36,87,13.42
547,Roma,US,2021-07-24 16:24:28,43.2128,-75.4557,80.46,57,1,10.36
548,Roros,NO,2021-07-24 16:24:30,62.5747,11.3842,76.84,29,76,6.91
549,Price,US,2021-07-24 16:24:31,39.5994,-110.8107,83.12,29,1,0.0
550,Noyabrsk,RU,2021-07-24 16:24:31,63.1994,75.4507,56.46,97,100,9.66
551,Gbadolite,CD,2021-07-24 16:24:31,4.2833,21.0167,75.16,86,97,3.96
552,Tarakan,ID,2021-07-24 16:24:32,3.3,117.6333,78.3,83,75,16.11
553,Lazo,RU,2021-07-24 16:24:32,43.3817,133.9014,72.23,95,2,2.17
554,Collie,AU,2021-07-24 16:24:32,-33.3667,116.15,53.98,93,95,6.98
555,Taltal,CL,2021-07-24 16:24:33,-25.4,-70.4833,60.48,67,38,5.59
556,Chik,RU,2021-07-24 16:24:33,54.9928,82.4311,67.75,88,20,4.47
